insert into UHAPP_DB.ACTION (ACTION_ID, ACTION_ENABLED, ACTION_CODE, ACTION_DESCRIPTION) values (10, 'N', 'employee.view.home', 'Employee viewing homepage.');
insert into UHAPP_DB.ACTION (ACTION_ID, ACTION_ENABLED, ACTION_CODE, ACTION_DESCRIPTION) values (11, 'Y', 'employee.view.holiday', 'Employee viewing holiday feature.');
insert into UHAPP_DB.ACTION (ACTION_ID, ACTION_ENABLED, ACTION_CODE, ACTION_DESCRIPTION) values (12, 'N', 'employee.print.holiday', 'Employee printing holiday feature.');
insert into UHAPP_DB.ACTION (ACTION_ID, ACTION_ENABLED, ACTION_CODE, ACTION_DESCRIPTION) values (13, 'Y', 'employee.save.holiday', 'Employee saving holiday feature.');
insert into UHAPP_DB.ACTION (ACTION_ID, ACTION_ENABLED, ACTION_CODE, ACTION_DESCRIPTION) values (20, 'N', 'reviewer.view.home', 'Reviewer viewing homepage.');
insert into UHAPP_DB.ACTION (ACTION_ID, ACTION_ENABLED, ACTION_CODE, ACTION_DESCRIPTION) values (21, 'N', 'reviewer.view.holiday', 'Reviewer viewing holiday feature.');
insert into UHAPP_DB.ACTION (ACTION_ID, ACTION_ENABLED, ACTION_CODE, ACTION_DESCRIPTION) values (22, 'N', 'reviewer.print.holiday', 'Reviewer printing holiday feature.');
insert into UHAPP_DB.ACTION (ACTION_ID, ACTION_ENABLED, ACTION_CODE, ACTION_DESCRIPTION) values (23, 'N', 'reviewer.save.holiday', 'Reviewer saving holiday feature.');
insert into UHAPP_DB.ACTION (ACTION_ID, ACTION_ENABLED, ACTION_CODE, ACTION_DESCRIPTION) values (30, 'N', 'admin.view.home',      'Approver viewing homepage.');
insert into UHAPP_DB.ACTION (ACTION_ID, ACTION_ENABLED, ACTION_CODE, ACTION_DESCRIPTION) values (31, 'N', 'admin.view.holiday',   'Approver viewing holiday feature.');
insert into UHAPP_DB.ACTION (ACTION_ID, ACTION_ENABLED, ACTION_CODE, ACTION_DESCRIPTION) values (32, 'N', 'admin.print.holiday',  'Approver printing holiday feature.');
insert into UHAPP_DB.ACTION (ACTION_ID, ACTION_ENABLED, ACTION_CODE, ACTION_DESCRIPTION) values (33, 'N', 'admin.save.holiday',   'Approver saving holiday feature.');

insert into UHAPP_DB.UNIQUE_UH_NUMBER_V (UH_NUMBER) values (89999999);
insert into UHAPP_DB.UNIQUE_UH_NUMBER_V (UH_NUMBER) values (10000001);
insert into UHAPP_DB.UNIQUE_UH_NUMBER_V (UH_NUMBER) values (10000002);
insert into UHAPP_DB.UNIQUE_UH_NUMBER_V (UH_NUMBER) values (10000003);
insert into UHAPP_DB.UNIQUE_UH_NUMBER_V (UH_NUMBER) values (10000004);

insert into UHAPP_DB.PS_MESSAGE (MSG_ID, MSG_ENABLED, MSG_TYPE_ID, MSG_TEXT) values (1, 'Y', 1, 'University of Hawaii Information Technology Services resides in a state-of-the-art, six-story, 74,000-square-foot facility located on the Manoa campus.');
insert into UHAPP_DB.PS_MESSAGE (MSG_ID, MSG_ENABLED, MSG_TYPE_ID, MSG_TEXT) values (2, 'Y', 1, 'The access to this system is restricted.<br/>If you believe you should have access, <br/> please send an email to <a href="mailto:duckart@hawaii.edu">duckart@hawaii.edu</a>.');
insert into UHAPP_DB.PS_MESSAGE (MSG_ID, MSG_ENABLED, MSG_TYPE_ID, MSG_TEXT) values (3, 'N', 1, 'For Future Use.');

insert into type(id, version, description) values(1, 1, 'Bank');
insert into type(id, version, description) values(2, 1, 'Federal');
insert into type(id, version, description) values(3, 1, 'State');
insert into type(id, version, description) values(4, 1, 'UH');

insert into role(id, version, authority) values(1, 1, 'ROLE_ADMIN');
insert into role(id, version, authority) values(2, 1, 'ROLE_USER');

insert into holiday_type(type_id, holiday_id) values(1, 15);
insert into holiday_type(type_id, holiday_id) values(1, 16);
insert into holiday_type(type_id, holiday_id) values(1, 17);
insert into holiday_type(type_id, holiday_id) values(1, 18);
insert into holiday_type(type_id, holiday_id) values(1, 21);
insert into holiday_type(type_id, holiday_id) values(1, 23);
insert into holiday_type(type_id, holiday_id) values(1, 25);
insert into holiday_type(type_id, holiday_id) values(1, 26);
insert into holiday_type(type_id, holiday_id) values(1, 27);
insert into holiday_type(type_id, holiday_id) values(1, 28);
insert into holiday_type(type_id, holiday_id) values(1, 29);
insert into holiday_type(type_id, holiday_id) values(1, 30);
insert into holiday_type(type_id, holiday_id) values(1, 31);
insert into holiday_type(type_id, holiday_id) values(1, 32);
insert into holiday_type(type_id, holiday_id) values(1, 35);
insert into holiday_type(type_id, holiday_id) values(1, 37);
insert into holiday_type(type_id, holiday_id) values(1, 39);
insert into holiday_type(type_id, holiday_id) values(1, 40);
insert into holiday_type(type_id, holiday_id) values(1, 41);
insert into holiday_type(type_id, holiday_id) values(1, 42);
insert into holiday_type(type_id, holiday_id) values(1, 43);
insert into holiday_type(type_id, holiday_id) values(1, 44);
insert into holiday_type(type_id, holiday_id) values(1, 45);
insert into holiday_type(type_id, holiday_id) values(1, 46);
insert into holiday_type(type_id, holiday_id) values(1, 49);
insert into holiday_type(type_id, holiday_id) values(1, 51);
insert into holiday_type(type_id, holiday_id) values(1, 53);
insert into holiday_type(type_id, holiday_id) values(1, 54);
insert into holiday_type(type_id, holiday_id) values(1, 55);
insert into holiday_type(type_id, holiday_id) values(1, 56);
insert into holiday_type(type_id, holiday_id) values(1, 57);
insert into holiday_type(type_id, holiday_id) values(1, 58);
insert into holiday_type(type_id, holiday_id) values(1, 59);
insert into holiday_type(type_id, holiday_id) values(1, 60);
insert into holiday_type(type_id, holiday_id) values(1, 61);
insert into holiday_type(type_id, holiday_id) values(1, 62);
insert into holiday_type(type_id, holiday_id) values(1, 65);
insert into holiday_type(type_id, holiday_id) values(1, 67);
insert into holiday_type(type_id, holiday_id) values(1, 69);
insert into holiday_type(type_id, holiday_id) values(1, 71);
insert into holiday_type(type_id, holiday_id) values(1, 72);
insert into holiday_type(type_id, holiday_id) values(1, 73);
insert into holiday_type(type_id, holiday_id) values(1, 74);
insert into holiday_type(type_id, holiday_id) values(1, 75);
insert into holiday_type(type_id, holiday_id) values(1, 76);
insert into holiday_type(type_id, holiday_id) values(1, 77);
insert into holiday_type(type_id, holiday_id) values(1, 80);
insert into holiday_type(type_id, holiday_id) values(1, 82);
insert into holiday_type(type_id, holiday_id) values(1, 84);
insert into holiday_type(type_id, holiday_id) values(1, 86);
insert into holiday_type(type_id, holiday_id) values(1, 87);
insert into holiday_type(type_id, holiday_id) values(1, 88);
insert into holiday_type(type_id, holiday_id) values(1, 89);
insert into holiday_type(type_id, holiday_id) values(1, 90);
insert into holiday_type(type_id, holiday_id) values(1, 91);
insert into holiday_type(type_id, holiday_id) values(1, 94);
insert into holiday_type(type_id, holiday_id) values(1, 96);
insert into holiday_type(type_id, holiday_id) values(1, 98);
insert into holiday_type(type_id, holiday_id) values(1, 100);
insert into holiday_type(type_id, holiday_id) values(1, 101);
insert into holiday_type(type_id, holiday_id) values(1, 102);
insert into holiday_type(type_id, holiday_id) values(2, 15);
insert into holiday_type(type_id, holiday_id) values(2, 16);
insert into holiday_type(type_id, holiday_id) values(2, 17);
insert into holiday_type(type_id, holiday_id) values(2, 18);
insert into holiday_type(type_id, holiday_id) values(2, 21);
insert into holiday_type(type_id, holiday_id) values(2, 23);
insert into holiday_type(type_id, holiday_id) values(2, 25);
insert into holiday_type(type_id, holiday_id) values(2, 26);
insert into holiday_type(type_id, holiday_id) values(2, 27);
insert into holiday_type(type_id, holiday_id) values(2, 28);
insert into holiday_type(type_id, holiday_id) values(2, 29);
insert into holiday_type(type_id, holiday_id) values(2, 30);
insert into holiday_type(type_id, holiday_id) values(2, 31);
insert into holiday_type(type_id, holiday_id) values(2, 32);
insert into holiday_type(type_id, holiday_id) values(2, 35);
insert into holiday_type(type_id, holiday_id) values(2, 37);
insert into holiday_type(type_id, holiday_id) values(2, 39);
insert into holiday_type(type_id, holiday_id) values(2, 40);
insert into holiday_type(type_id, holiday_id) values(2, 41);
insert into holiday_type(type_id, holiday_id) values(2, 42);
insert into holiday_type(type_id, holiday_id) values(2, 43);
insert into holiday_type(type_id, holiday_id) values(2, 44);
insert into holiday_type(type_id, holiday_id) values(2, 45);
insert into holiday_type(type_id, holiday_id) values(2, 46);
insert into holiday_type(type_id, holiday_id) values(2, 49);
insert into holiday_type(type_id, holiday_id) values(2, 51);
insert into holiday_type(type_id, holiday_id) values(2, 53);
insert into holiday_type(type_id, holiday_id) values(2, 54);
insert into holiday_type(type_id, holiday_id) values(2, 55);
insert into holiday_type(type_id, holiday_id) values(2, 56);
insert into holiday_type(type_id, holiday_id) values(2, 57);
insert into holiday_type(type_id, holiday_id) values(2, 58);
insert into holiday_type(type_id, holiday_id) values(2, 59);
insert into holiday_type(type_id, holiday_id) values(2, 60);
insert into holiday_type(type_id, holiday_id) values(2, 61);
insert into holiday_type(type_id, holiday_id) values(2, 62);
insert into holiday_type(type_id, holiday_id) values(2, 65);
insert into holiday_type(type_id, holiday_id) values(2, 67);
insert into holiday_type(type_id, holiday_id) values(2, 69);
insert into holiday_type(type_id, holiday_id) values(2, 70);
insert into holiday_type(type_id, holiday_id) values(2, 71);
insert into holiday_type(type_id, holiday_id) values(2, 72);
insert into holiday_type(type_id, holiday_id) values(2, 73);
insert into holiday_type(type_id, holiday_id) values(2, 74);
insert into holiday_type(type_id, holiday_id) values(2, 75);
insert into holiday_type(type_id, holiday_id) values(2, 76);
insert into holiday_type(type_id, holiday_id) values(2, 77);
insert into holiday_type(type_id, holiday_id) values(2, 80);
insert into holiday_type(type_id, holiday_id) values(2, 82);
insert into holiday_type(type_id, holiday_id) values(2, 84);
insert into holiday_type(type_id, holiday_id) values(2, 85);
insert into holiday_type(type_id, holiday_id) values(2, 86);
insert into holiday_type(type_id, holiday_id) values(2, 87);
insert into holiday_type(type_id, holiday_id) values(2, 88);
insert into holiday_type(type_id, holiday_id) values(2, 89);
insert into holiday_type(type_id, holiday_id) values(2, 90);
insert into holiday_type(type_id, holiday_id) values(2, 91);
insert into holiday_type(type_id, holiday_id) values(2, 94);
insert into holiday_type(type_id, holiday_id) values(2, 96);
insert into holiday_type(type_id, holiday_id) values(2, 98);
insert into holiday_type(type_id, holiday_id) values(2, 99);
insert into holiday_type(type_id, holiday_id) values(2, 100);
insert into holiday_type(type_id, holiday_id) values(2, 101);
insert into holiday_type(type_id, holiday_id) values(2, 102);
insert into holiday_type(type_id, holiday_id) values(3, 15);
insert into holiday_type(type_id, holiday_id) values(3, 19);
insert into holiday_type(type_id, holiday_id) values(3, 22);
insert into holiday_type(type_id, holiday_id) values(3, 24);
insert into holiday_type(type_id, holiday_id) values(3, 33);
insert into holiday_type(type_id, holiday_id) values(3, 36);
insert into holiday_type(type_id, holiday_id) values(3, 38);
insert into holiday_type(type_id, holiday_id) values(3, 47);
insert into holiday_type(type_id, holiday_id) values(3, 50);
insert into holiday_type(type_id, holiday_id) values(3, 52);
insert into holiday_type(type_id, holiday_id) values(3, 63);
insert into holiday_type(type_id, holiday_id) values(3, 66);
insert into holiday_type(type_id, holiday_id) values(3, 68);
insert into holiday_type(type_id, holiday_id) values(3, 78);
insert into holiday_type(type_id, holiday_id) values(3, 81);
insert into holiday_type(type_id, holiday_id) values(3, 83);
insert into holiday_type(type_id, holiday_id) values(3, 92);
insert into holiday_type(type_id, holiday_id) values(3, 95);
insert into holiday_type(type_id, holiday_id) values(3, 97);
insert into holiday_type(type_id, holiday_id) values(4, 16);
insert into holiday_type(type_id, holiday_id) values(4, 17);
insert into holiday_type(type_id, holiday_id) values(4, 18);
insert into holiday_type(type_id, holiday_id) values(4, 19);
insert into holiday_type(type_id, holiday_id) values(4, 20);
insert into holiday_type(type_id, holiday_id) values(4, 21);
insert into holiday_type(type_id, holiday_id) values(4, 22);
insert into holiday_type(type_id, holiday_id) values(4, 23);
insert into holiday_type(type_id, holiday_id) values(4, 24);
insert into holiday_type(type_id, holiday_id) values(4, 25);
insert into holiday_type(type_id, holiday_id) values(4, 27);
insert into holiday_type(type_id, holiday_id) values(4, 28);
insert into holiday_type(type_id, holiday_id) values(4, 29);
insert into holiday_type(type_id, holiday_id) values(4, 30);
insert into holiday_type(type_id, holiday_id) values(4, 31);
insert into holiday_type(type_id, holiday_id) values(4, 32);
insert into holiday_type(type_id, holiday_id) values(4, 33);
insert into holiday_type(type_id, holiday_id) values(4, 34);
insert into holiday_type(type_id, holiday_id) values(4, 35);
insert into holiday_type(type_id, holiday_id) values(4, 36);
insert into holiday_type(type_id, holiday_id) values(4, 37);
insert into holiday_type(type_id, holiday_id) values(4, 38);
insert into holiday_type(type_id, holiday_id) values(4, 39);
insert into holiday_type(type_id, holiday_id) values(4, 41);
insert into holiday_type(type_id, holiday_id) values(4, 42);
insert into holiday_type(type_id, holiday_id) values(4, 43);
insert into holiday_type(type_id, holiday_id) values(4, 44);
insert into holiday_type(type_id, holiday_id) values(4, 45);
insert into holiday_type(type_id, holiday_id) values(4, 46);
insert into holiday_type(type_id, holiday_id) values(4, 47);
insert into holiday_type(type_id, holiday_id) values(4, 48);
insert into holiday_type(type_id, holiday_id) values(4, 49);
insert into holiday_type(type_id, holiday_id) values(4, 50);
insert into holiday_type(type_id, holiday_id) values(4, 51);
insert into holiday_type(type_id, holiday_id) values(4, 52);
insert into holiday_type(type_id, holiday_id) values(4, 53);
insert into holiday_type(type_id, holiday_id) values(4, 55);
insert into holiday_type(type_id, holiday_id) values(4, 56);
insert into holiday_type(type_id, holiday_id) values(4, 57);
insert into holiday_type(type_id, holiday_id) values(4, 58);
insert into holiday_type(type_id, holiday_id) values(4, 59);
insert into holiday_type(type_id, holiday_id) values(4, 60);
insert into holiday_type(type_id, holiday_id) values(4, 61);
insert into holiday_type(type_id, holiday_id) values(4, 62);
insert into holiday_type(type_id, holiday_id) values(4, 63);
insert into holiday_type(type_id, holiday_id) values(4, 64);
insert into holiday_type(type_id, holiday_id) values(4, 65);
insert into holiday_type(type_id, holiday_id) values(4, 66);
insert into holiday_type(type_id, holiday_id) values(4, 67);
insert into holiday_type(type_id, holiday_id) values(4, 68);
insert into holiday_type(type_id, holiday_id) values(4, 69);
insert into holiday_type(type_id, holiday_id) values(4, 70);
insert into holiday_type(type_id, holiday_id) values(4, 71);
insert into holiday_type(type_id, holiday_id) values(4, 72);
insert into holiday_type(type_id, holiday_id) values(4, 73);
insert into holiday_type(type_id, holiday_id) values(4, 74);
insert into holiday_type(type_id, holiday_id) values(4, 75);
insert into holiday_type(type_id, holiday_id) values(4, 76);
insert into holiday_type(type_id, holiday_id) values(4, 77);
insert into holiday_type(type_id, holiday_id) values(4, 78);
insert into holiday_type(type_id, holiday_id) values(4, 79);
insert into holiday_type(type_id, holiday_id) values(4, 80);
insert into holiday_type(type_id, holiday_id) values(4, 81);
insert into holiday_type(type_id, holiday_id) values(4, 82);
insert into holiday_type(type_id, holiday_id) values(4, 83);
insert into holiday_type(type_id, holiday_id) values(4, 84);
insert into holiday_type(type_id, holiday_id) values(4, 85);
insert into holiday_type(type_id, holiday_id) values(4, 86);
insert into holiday_type(type_id, holiday_id) values(4, 87);
insert into holiday_type(type_id, holiday_id) values(4, 88);
insert into holiday_type(type_id, holiday_id) values(4, 89);
insert into holiday_type(type_id, holiday_id) values(4, 90);
insert into holiday_type(type_id, holiday_id) values(4, 91);
insert into holiday_type(type_id, holiday_id) values(4, 92);
insert into holiday_type(type_id, holiday_id) values(4, 93);
insert into holiday_type(type_id, holiday_id) values(4, 94);
insert into holiday_type(type_id, holiday_id) values(4, 95);
insert into holiday_type(type_id, holiday_id) values(4, 96);
insert into holiday_type(type_id, holiday_id) values(4, 97);
insert into holiday_type(type_id, holiday_id) values(4, 98);
insert into holiday_type(type_id, holiday_id) values(4, 99);
insert into holiday_type(type_id, holiday_id) values(4, 100);
insert into holiday_type(type_id, holiday_id) values(4, 101);
insert into holiday_type(type_id, holiday_id) values(4, 102);


insert into holiday(id, version, description, observed_date, official_date) values(30, 0 ,'New Year''s Day', '2010-12-31 00:00:00', '2011-01-01 00:00:00');
insert into holiday(id, version, description, observed_date, official_date) values(31, 0 ,'Martin Luther King Jr. Day', '2011-01-17 00:00:00', '2011-01-17 00:00:00');
insert into holiday(id, version, description, observed_date, official_date) values(32, 0 ,'Presidents'' Day', '2011-02-21 00:00:00', '2011-02-21 00:00:00');
insert into holiday(id, version, description, observed_date, official_date) values(33, 0 ,'Prince Kuhio Day', '2011-03-25 00:00:00', '2011-03-26 00:00:00');
insert into holiday(id, version, description, observed_date, official_date) values(34, 0 ,'Good Friday', '2011-04-22 00:00:00', '2011-04-22 00:00:00');
insert into holiday(id, version, description, observed_date, official_date) values(35, 0 ,'Memorial Day', '2011-05-30 00:00:00', '2013-05-30 00:00:00');
insert into holiday(id, version, description, observed_date, official_date) values(59, 0 ,'Memorial Day', '2011-05-30 12:00:00', '2011-05-30 12:00:00');
insert into holiday(id, version, description, observed_date, official_date) values(36, 0 ,'King Kamehameha Day', '2011-06-10 00:00:00', '2011-06-11 00:00:00');
insert into holiday(id, version, description, observed_date, official_date) values(37, 0 ,'Independence Day', '2011-07-04 00:00:00', '2011-07-04 00:00:00');
insert into holiday(id, version, description, observed_date, official_date) values(38, 0 ,'Statehood Day', '2011-08-19 00:00:00', '2011-08-19 00:00:00');
insert into holiday(id, version, description, observed_date, official_date) values(39, 0 ,'Labor Day', '2011-09-05 00:00:00', '2011-09-05 00:00:00');
insert into holiday(id, version, description, observed_date, official_date) values(40, 0 ,'Discoverer''s Day', '2011-10-10 00:00:00', '2011-10-10 00:00:00');
insert into holiday(id, version, description, observed_date, official_date) values(41, 0 ,'Veterans Day', '2011-11-11 00:00:00', '2011-11-11 00:00:00');
insert into holiday(id, version, description, observed_date, official_date) values(42, 0 ,'Thanksgiving', '2011-11-24 00:00:00', '2011-11-24 00:00:00');
insert into holiday(id, version, description, observed_date, official_date) values(43, 0 ,'Christmas', '2011-12-26 00:00:00', '2011-12-25 00:00:00');
insert into holiday(id, version, description, observed_date, official_date) values(44, 0 ,'New Year''s Day', '2012-01-02 00:00:00', '2012-01-01 00:00:00');
insert into holiday(id, version, description, observed_date, official_date) values(45, 0 ,'Martin Luther King Jr. Day', '2012-01-16 00:00:00', '2012-01-16 00:00:00');
insert into holiday(id, version, description, observed_date, official_date) values(46, 0 ,'Presidents'' Day', '2012-02-20 00:00:00', '2012-02-20 00:00:00');
insert into holiday(id, version, description, observed_date, official_date) values(47, 0 ,'Prince Kuhio Day', '2012-03-26 00:00:00', '2012-03-26 00:00:00');
insert into holiday(id, version, description, observed_date, official_date) values(48, 0 ,'Good Friday', '2012-04-06 00:00:00', '2012-04-06 00:00:00');
insert into holiday(id, version, description, observed_date, official_date) values(49, 0 ,'Memorial Day', '2012-05-28 00:00:00', '2012-05-28 00:00:00');
insert into holiday(id, version, description, observed_date, official_date) values(50, 0 ,'King Kamehameha Day', '2012-06-11 00:00:00', '2012-06-11 00:00:00');
insert into holiday(id, version, description, observed_date, official_date) values(51, 0 ,'Independence Day', '2012-07-04 00:00:00', '2012-07-04 00:00:00');
insert into holiday(id, version, description, observed_date, official_date) values(52, 0 ,'Statehood Day', '2012-08-17 00:00:00', '2012-08-17 00:00:00');
insert into holiday(id, version, description, observed_date, official_date) values(53, 0 ,'Labor Day', '2012-09-03 00:00:00', '2012-09-03 00:00:00');
insert into holiday(id, version, description, observed_date, official_date) values(54, 0 ,'Discoverer''s Day', '2012-10-08 00:00:00', '2012-10-08 00:00:00');
insert into holiday(id, version, description, observed_date, official_date) values(55, 0 ,'Election Day', '2012-11-06 00:00:00', '2012-11-06 00:00:00');
insert into holiday(id, version, description, observed_date, official_date) values(56, 0 ,'Veterans Day', '2012-11-12 00:00:00', '2012-11-11 00:00:00');
insert into holiday(id, version, description, observed_date, official_date) values(57, 0 ,'Thanksgiving', '2012-11-22 00:00:00', '2012-11-22 00:00:00');
insert into holiday(id, version, description, observed_date, official_date) values(58, 0 ,'Christmas', '2012-12-25 00:00:00', '2012-12-25 00:00:00');
insert into holiday(id, version, description, observed_date, official_date) values(16, 3 ,'New Year''s Day', '2013-01-01 00:00:00', '2013-01-01 00:00:00');
insert into holiday(id, version, description, observed_date, official_date) values(17, 1 ,'Martin Luther King Jr. Day', '2013-01-21 00:00:00', '2013-01-21 00:00:00');
insert into holiday(id, version, description, observed_date, official_date) values(18, 1 ,'Presidents'' Day', '2013-02-18 00:00:00', '2013-02-18 00:00:00');
insert into holiday(id, version, description, observed_date, official_date) values(19, 1 ,'Prince Kuhio Day', '2013-03-26 00:00:00', '2013-03-26 00:00:00');
insert into holiday(id, version, description, observed_date, official_date) values(20, 1 ,'Good Friday', '2013-03-29 00:00:00', '2013-03-29 00:00:00');
insert into holiday(id, version, description, observed_date, official_date) values(21, 1 ,'Memorial Day', '2013-05-27 00:00:00', '2013-05-27 00:00:00');
insert into holiday(id, version, description, observed_date, official_date) values(22, 1 ,'King Kamehameha Day', '2013-06-11 00:00:00', '2013-06-11 00:00:00');
insert into holiday(id, version, description, observed_date, official_date) values(23, 1 ,'Independence Day', '2013-07-04 00:00:00', '2013-07-04 00:00:00');
insert into holiday(id, version, description, observed_date, official_date) values(24, 1 ,'Statehood Day', '2013-08-16 00:00:00', '2013-08-16 00:00:00');
insert into holiday(id, version, description, observed_date, official_date) values(25, 1 ,'Labor Day', '2013-09-02 00:00:00', '2013-09-02 00:00:00');
insert into holiday(id, version, description, observed_date, official_date) values(26, 1 ,'Discoverer''s Day', '2013-10-14 00:00:00', '2013-10-14 00:00:00');
insert into holiday(id, version, description, observed_date, official_date) values(27, 2 ,'Veterans Day', '2013-11-11 00:00:00', '2013-11-11 00:00:00');
insert into holiday(id, version, description, observed_date, official_date) values(28, 1 ,'Thanksgiving', '2013-11-28 00:00:00', '2013-11-28 00:00:00');
insert into holiday(id, version, description, observed_date, official_date) values(29, 1 ,'Christmas', '2013-12-25 00:00:00', '2013-12-25 00:00:00');
insert into holiday(id, version, description, observed_date, official_date) values(60, 0 ,'New Year''s Day', '2014-01-01 00:00:00', '2014-01-01 00:00:00');
insert into holiday(id, version, description, observed_date, official_date) values(61, 0 ,'Martin Luther King Jr. Day', '2014-01-20 00:00:00', '2014-01-20 00:00:00');
insert into holiday(id, version, description, observed_date, official_date) values(62, 0 ,'Presidents'' Day', '2014-02-17 00:00:00', '2014-02-17 00:00:00');
insert into holiday(id, version, description, observed_date, official_date) values(63, 0 ,'Prince Kuhio Day', '2014-03-26 00:00:00', '2014-03-26 00:00:00');
insert into holiday(id, version, description, observed_date, official_date) values(64, 0 ,'Good Friday', '2014-04-18 12:00:00', '2014-04-18 12:00:00');
insert into holiday(id, version, description, observed_date, official_date) values(65, 0 ,'Memorial Day', '2014-05-26 12:00:00', '2014-05-26 12:00:00');
insert into holiday(id, version, description, observed_date, official_date) values(66, 0 ,'King Kamehameha Day', '2014-06-11 00:00:00', '2014-06-11 00:00:00');
insert into holiday(id, version, description, observed_date, official_date) values(67, 0 ,'Independence Day', '2014-07-04 00:00:00', '2014-07-04 00:00:00');
insert into holiday(id, version, description, observed_date, official_date) values(68, 0 ,'Statehood Day', '2014-08-15 00:00:00', '2014-08-15 00:00:00');
insert into holiday(id, version, description, observed_date, official_date) values(69, 0 ,'Labor Day', '2014-09-01 00:00:00', '2014-09-01 00:00:00');
insert into holiday(id, version, description, observed_date, official_date) values(70, 0 ,'Discoverer''s Day', '2014-10-13 00:00:00', '2014-10-13 00:00:00');
insert into holiday(id, version, description, observed_date, official_date) values(71, 0 ,'Election Day', '2014-11-04 00:00:00', '2014-11-04 00:00:00');
insert into holiday(id, version, description, observed_date, official_date) values(72, 0 ,'Veterans Day', '2014-11-11 00:00:00', '2014-11-11 00:00:00');
insert into holiday(id, version, description, observed_date, official_date) values(73, 0 ,'Thanksgiving', '2014-11-27 00:00:00', '2014-11-27 00:00:00');
insert into holiday(id, version, description, observed_date, official_date) values(74, 0 ,'Christmas', '2014-12-25 00:00:00', '2014-12-25 00:00:00');
insert into holiday(id, version, description, observed_date, official_date) values(75, 0 ,'New Year''s Day', '2015-01-01 00:00:00', '2015-01-01 00:00:00');
insert into holiday(id, version, description, observed_date, official_date) values(76, 0 ,'Martin Luther King Jr. Day', '2015-01-19 00:00:00', '2015-01-19 00:00:00');
insert into holiday(id, version, description, observed_date, official_date) values(77, 0 ,'Presidents'' Day', '2015-02-16 00:00:00', '2015-02-16 00:00:00');
insert into holiday(id, version, description, observed_date, official_date) values(78, 0 ,'Prince Kuhio Day', '2015-03-26 00:00:00', '2015-03-26 00:00:00');
insert into holiday(id, version, description, observed_date, official_date) values(79, 0 ,'Good Friday', '2015-04-03 00:00:00', '2015-04-03 00:00:00');
insert into holiday(id, version, description, observed_date, official_date) values(80, 0 ,'Memorial Day', '2015-05-25 00:00:00', '2015-05-25 00:00:00');
insert into holiday(id, version, description, observed_date, official_date) values(81, 0 ,'King Kamehameha Day', '2015-06-11 00:00:00', '2015-06-11 00:00:00');
insert into holiday(id, version, description, observed_date, official_date) values(82, 0 ,'Independence Day', '2015-07-03 00:00:00', '2015-07-04 00:00:00');
insert into holiday(id, version, description, observed_date, official_date) values(83, 0 ,'Statehood Day', '2015-08-21 00:00:00', '2015-08-21 00:00:00');
insert into holiday(id, version, description, observed_date, official_date) values(84, 0 ,'Labor Day', '2015-09-07 00:00:00', '2015-09-07 00:00:00');
insert into holiday(id, version, description, observed_date, official_date) values(85, 0 ,'Discoverer''s Day', '2015-10-12 00:00:00', '2015-10-12 00:00:00');
insert into holiday(id, version, description, observed_date, official_date) values(86, 0 ,'Veterans Day', '2015-11-11 00:00:00', '2015-11-11 00:00:00');
insert into holiday(id, version, description, observed_date, official_date) values(87, 0 ,'Thanksgiving', '2015-11-26 00:00:00', '2015-11-26 00:00:00');
insert into holiday(id, version, description, observed_date, official_date) values(88, 0 ,'Christmas', '2015-12-25 00:00:00', '2015-12-25 00:00:00');
insert into holiday(id, version, description, observed_date, official_date) values(89, 0 ,'New Year''s Day', '2017-01-02 00:00:00', '2017-01-01 00:00:00');
insert into holiday(id, version, description, observed_date, official_date) values(90, 0 ,'Martin Luther King Jr. Day', '2017-01-16 00:00:00', '2017-01-16 00:00:00');
insert into holiday(id, version, description, observed_date, official_date) values(91, 0 ,'Presidents'' Day', '2017-02-20 00:00:00', '2017-02-20 00:00:00');
insert into holiday(id, version, description, observed_date, official_date) values(92, 0 ,'Prince Kuhio Day', '2017-03-27 00:00:00', '2017-03-26 00:00:00');
insert into holiday(id, version, description, observed_date, official_date) values(93, 0 ,'Good Friday', '2017-04-14 00:00:00', '2017-04-14 00:00:00');
insert into holiday(id, version, description, observed_date, official_date) values(94, 0 ,'Memorial Day', '2017-05-29 00:00:00', '2017-05-29 00:00:00');
insert into holiday(id, version, description, observed_date, official_date) values(95, 0 ,'King Kamehameha Day', '2017-06-12 00:00:00', '2017-06-11 00:00:00');
insert into holiday(id, version, description, observed_date, official_date) values(96, 0 ,'Independence Day', '2017-07-04 00:00:00', '2017-07-04 00:00:00');
insert into holiday(id, version, description, observed_date, official_date) values(97, 0 ,'Statehood Day', '2017-08-18 00:00:00', '2017-08-18 00:00:00');
insert into holiday(id, version, description, observed_date, official_date) values(98, 0 ,'Labor Day', '2017-09-04 00:00:00', '2017-09-04 00:00:00');
insert into holiday(id, version, description, observed_date, official_date) values(99, 0 ,'Discoverer''s Day', '2017-10-09 00:00:00', '2017-10-09 00:00:00');
insert into holiday(id, version, description, observed_date, official_date) values(100, 0 ,'Veterans Day', '2017-11-10 00:00:00', '2017-11-11 00:00:00');
insert into holiday(id, version, description, observed_date, official_date) values(101, 0 ,'Thanksgiving', '2017-11-23 00:00:00', '2017-11-23 00:00:00');
insert into holiday(id, version, description, observed_date, official_date) values(102, 0 ,'Christmas', '2017-12-25 00:00:00', '2017-12-25 00:00:00');

