insert into UHAPP_DB.ACTION (ACTION_ID, ACTION_ENABLED, ACTION_CODE, ACTION_DESCRIPTION) values (10, 'N', 'employee.view.home', 'Employee viewing homepage.');
insert into UHAPP_DB.ACTION (ACTION_ID, ACTION_ENABLED, ACTION_CODE, ACTION_DESCRIPTION) values (11, 'Y', 'employee.view.holiday', 'Employee viewing holiday feature.');
insert into UHAPP_DB.ACTION (ACTION_ID, ACTION_ENABLED, ACTION_CODE, ACTION_DESCRIPTION) values (12, 'N', 'employee.print.holiday', 'Employee printing holiday feature.');
insert into UHAPP_DB.ACTION (ACTION_ID, ACTION_ENABLED, ACTION_CODE, ACTION_DESCRIPTION) values (13, 'Y', 'employee.save.holiday', 'Employee saving holiday feature.');
insert into UHAPP_DB.ACTION (ACTION_ID, ACTION_ENABLED, ACTION_CODE, ACTION_DESCRIPTION) values (20, 'N', 'reviewer.view.home', 'Reviewer viewing homepage.');
insert into UHAPP_DB.ACTION (ACTION_ID, ACTION_ENABLED, ACTION_CODE, ACTION_DESCRIPTION) values (21, 'N', 'reviewer.view.holiday', 'Reviewer viewing holiday feature.');
insert into UHAPP_DB.ACTION (ACTION_ID, ACTION_ENABLED, ACTION_CODE, ACTION_DESCRIPTION) values (22, 'N', 'reviewer.print.holiday', 'Reviewer printing holiday feature.');
insert into UHAPP_DB.ACTION (ACTION_ID, ACTION_ENABLED, ACTION_CODE, ACTION_DESCRIPTION) values (23, 'N', 'reviewer.save.holiday', 'Reviewer saving holiday feature.');
insert into UHAPP_DB.ACTION (ACTION_ID, ACTION_ENABLED, ACTION_CODE, ACTION_DESCRIPTION) values (30, 'N', 'admin.view.home',      'Approver viewing homepage.');
insert into UHAPP_DB.ACTION (ACTION_ID, ACTION_ENABLED, ACTION_CODE, ACTION_DESCRIPTION) values (31, 'N', 'admin.view.holiday',   'Approver viewing holiday feature.');
insert into UHAPP_DB.ACTION (ACTION_ID, ACTION_ENABLED, ACTION_CODE, ACTION_DESCRIPTION) values (32, 'N', 'admin.print.holiday',  'Approver printing holiday feature.');
insert into UHAPP_DB.ACTION (ACTION_ID, ACTION_ENABLED, ACTION_CODE, ACTION_DESCRIPTION) values (33, 'N', 'admin.save.holiday',   'Approver saving holiday feature.');

insert into UHAPP_DB.UNIQUE_UH_NUMBER_V (UH_NUMBER) values (89999999);
insert into UHAPP_DB.UNIQUE_UH_NUMBER_V (UH_NUMBER) values (10000001);
insert into UHAPP_DB.UNIQUE_UH_NUMBER_V (UH_NUMBER) values (10000002);
insert into UHAPP_DB.UNIQUE_UH_NUMBER_V (UH_NUMBER) values (10000003);
insert into UHAPP_DB.UNIQUE_UH_NUMBER_V (UH_NUMBER) values (10000004);

insert into UHAPP_DB.PS_MESSAGE (MSG_ID, MSG_ENABLED, MSG_TYPE_ID, MSG_TEXT) values (1, 'Y', 1, 'University of Hawaii Information Technology Services resides in a state-of-the-art, six-story, 74,000-square-foot facility located on the Manoa campus.');
insert into UHAPP_DB.PS_MESSAGE (MSG_ID, MSG_ENABLED, MSG_TYPE_ID, MSG_TEXT) values (2, 'Y', 1, 'The access to this system is restricted.<br/>If you believe you should have access, <br/> please send an email to <a href=''mailto:duckart@hawaii.edu''>duckart@hawaii.edu</a>.');
insert into UHAPP_DB.PS_MESSAGE (MSG_ID, MSG_ENABLED, MSG_TYPE_ID, MSG_TEXT) values (3, 'N', 1, 'For Future Use.');

insert into type(id, version, description) values(1, 1, 'Bank');
insert into type(id, version, description) values(2, 1, 'Federal');
insert into type(id, version, description) values(3, 1, 'State');
insert into type(id, version, description) values(4, 1, 'UH');

insert into role(id, version, authority) values(1, 1, 'ROLE_ADMIN');
insert into role(id, version, authority) values(2, 1, 'ROLE_USER');

insert into holiday_type(id, type_id, holiday_id) values(101,1,1);
insert into holiday_type(id, type_id, holiday_id) values(102,2,1);
insert into holiday_type(id, type_id, holiday_id) values(103,3,1);
insert into holiday_type(id, type_id, holiday_id) values(104,1,2);
insert into holiday_type(id, type_id, holiday_id) values(105,2,2);
insert into holiday_type(id, type_id, holiday_id) values(106,3,2);
insert into holiday_type(id, type_id, holiday_id) values(107,1,3);
insert into holiday_type(id, type_id, holiday_id) values(108,2,3);
insert into holiday_type(id, type_id, holiday_id) values(109,3,3);
insert into holiday_type(id, type_id, holiday_id) values(110,3,4);
insert into holiday_type(id, type_id, holiday_id) values(111,4,4);
insert into holiday_type(id, type_id, holiday_id) values(112,3,5);
insert into holiday_type(id, type_id, holiday_id) values(113,1,6);
insert into holiday_type(id, type_id, holiday_id) values(114,2,6);
insert into holiday_type(id, type_id, holiday_id) values(115,3,6);
insert into holiday_type(id, type_id, holiday_id) values(116,3,7);
insert into holiday_type(id, type_id, holiday_id) values(117,4,7);
insert into holiday_type(id, type_id, holiday_id) values(118,1,8);
insert into holiday_type(id, type_id, holiday_id) values(119,2,8);
insert into holiday_type(id, type_id, holiday_id) values(120,3,8);
insert into holiday_type(id, type_id, holiday_id) values(121,3,9);
insert into holiday_type(id, type_id, holiday_id) values(122,4,9);
insert into holiday_type(id, type_id, holiday_id) values(123,1,10);
insert into holiday_type(id, type_id, holiday_id) values(124,2,10);
insert into holiday_type(id, type_id, holiday_id) values(125,3,10);
insert into holiday_type(id, type_id, holiday_id) values(126,1,11);
insert into holiday_type(id, type_id, holiday_id) values(127,2,11);
insert into holiday_type(id, type_id, holiday_id) values(128,1,12);
insert into holiday_type(id, type_id, holiday_id) values(129,2,12);
insert into holiday_type(id, type_id, holiday_id) values(130,3,12);
insert into holiday_type(id, type_id, holiday_id) values(131,1,13);
insert into holiday_type(id, type_id, holiday_id) values(132,2,13);
insert into holiday_type(id, type_id, holiday_id) values(133,3,13);
insert into holiday_type(id, type_id, holiday_id) values(134,1,14);
insert into holiday_type(id, type_id, holiday_id) values(135,2,14);
insert into holiday_type(id, type_id, holiday_id) values(136,3,14);
insert into holiday_type(id, type_id, holiday_id) values(137,1,15);
insert into holiday_type(id, type_id, holiday_id) values(138,2,15);
insert into holiday_type(id, type_id, holiday_id) values(139,3,15);
insert into holiday_type(id, type_id, holiday_id) values(140,1,16);
insert into holiday_type(id, type_id, holiday_id) values(141,2,16);
insert into holiday_type(id, type_id, holiday_id) values(142,3,16);
insert into holiday_type(id, type_id, holiday_id) values(143,1,17);
insert into holiday_type(id, type_id, holiday_id) values(144,2,17);
insert into holiday_type(id, type_id, holiday_id) values(145,3,17);
insert into holiday_type(id, type_id, holiday_id) values(146,3,18);
insert into holiday_type(id, type_id, holiday_id) values(147,4,18);
insert into holiday_type(id, type_id, holiday_id) values(148,3,19);
insert into holiday_type(id, type_id, holiday_id) values(149,1,20);
insert into holiday_type(id, type_id, holiday_id) values(150,2,20);
insert into holiday_type(id, type_id, holiday_id) values(151,3,20);
insert into holiday_type(id, type_id, holiday_id) values(152,3,21);
insert into holiday_type(id, type_id, holiday_id) values(153,4,21);
insert into holiday_type(id, type_id, holiday_id) values(154,1,22);
insert into holiday_type(id, type_id, holiday_id) values(155,2,22);
insert into holiday_type(id, type_id, holiday_id) values(156,3,22);
insert into holiday_type(id, type_id, holiday_id) values(157,3,23);
insert into holiday_type(id, type_id, holiday_id) values(158,4,23);
insert into holiday_type(id, type_id, holiday_id) values(159,1,24);
insert into holiday_type(id, type_id, holiday_id) values(160,2,24);
insert into holiday_type(id, type_id, holiday_id) values(161,3,24);
insert into holiday_type(id, type_id, holiday_id) values(162,1,25);
insert into holiday_type(id, type_id, holiday_id) values(163,2,25);
insert into holiday_type(id, type_id, holiday_id) values(164,1,26);
insert into holiday_type(id, type_id, holiday_id) values(165,2,26);
insert into holiday_type(id, type_id, holiday_id) values(166,3,26);
insert into holiday_type(id, type_id, holiday_id) values(167,1,27);
insert into holiday_type(id, type_id, holiday_id) values(168,2,27);
insert into holiday_type(id, type_id, holiday_id) values(169,3,27);
insert into holiday_type(id, type_id, holiday_id) values(170,1,28);
insert into holiday_type(id, type_id, holiday_id) values(171,2,28);
insert into holiday_type(id, type_id, holiday_id) values(172,3,28);
insert into holiday_type(id, type_id, holiday_id) values(173,1,29);
insert into holiday_type(id, type_id, holiday_id) values(174,2,29);
insert into holiday_type(id, type_id, holiday_id) values(175,3,29);
insert into holiday_type(id, type_id, holiday_id) values(176,1,30);
insert into holiday_type(id, type_id, holiday_id) values(177,2,30);
insert into holiday_type(id, type_id, holiday_id) values(178,3,30);
insert into holiday_type(id, type_id, holiday_id) values(179,1,31);
insert into holiday_type(id, type_id, holiday_id) values(180,2,31);
insert into holiday_type(id, type_id, holiday_id) values(181,3,31);
insert into holiday_type(id, type_id, holiday_id) values(182,3,32);
insert into holiday_type(id, type_id, holiday_id) values(183,4,32);
insert into holiday_type(id, type_id, holiday_id) values(184,3,33);
insert into holiday_type(id, type_id, holiday_id) values(185,1,34);
insert into holiday_type(id, type_id, holiday_id) values(186,2,34);
insert into holiday_type(id, type_id, holiday_id) values(187,3,34);
insert into holiday_type(id, type_id, holiday_id) values(188,3,35);
insert into holiday_type(id, type_id, holiday_id) values(189,4,35);
insert into holiday_type(id, type_id, holiday_id) values(190,1,36);
insert into holiday_type(id, type_id, holiday_id) values(191,2,36);
insert into holiday_type(id, type_id, holiday_id) values(192,3,36);
insert into holiday_type(id, type_id, holiday_id) values(193,3,37);
insert into holiday_type(id, type_id, holiday_id) values(194,4,37);
insert into holiday_type(id, type_id, holiday_id) values(195,1,38);
insert into holiday_type(id, type_id, holiday_id) values(196,2,38);
insert into holiday_type(id, type_id, holiday_id) values(197,3,38);
insert into holiday_type(id, type_id, holiday_id) values(198,1,39);
insert into holiday_type(id, type_id, holiday_id) values(199,2,39);
insert into holiday_type(id, type_id, holiday_id) values(200,1,40);
insert into holiday_type(id, type_id, holiday_id) values(201,2,40);
insert into holiday_type(id, type_id, holiday_id) values(202,3,40);
insert into holiday_type(id, type_id, holiday_id) values(203,1,41);
insert into holiday_type(id, type_id, holiday_id) values(204,2,41);
insert into holiday_type(id, type_id, holiday_id) values(205,3,41);
insert into holiday_type(id, type_id, holiday_id) values(206,1,42);
insert into holiday_type(id, type_id, holiday_id) values(207,2,42);
insert into holiday_type(id, type_id, holiday_id) values(208,3,42);
insert into holiday_type(id, type_id, holiday_id) values(209,1,43);
insert into holiday_type(id, type_id, holiday_id) values(210,2,43);
insert into holiday_type(id, type_id, holiday_id) values(211,3,43);
insert into holiday_type(id, type_id, holiday_id) values(212,1,44);
insert into holiday_type(id, type_id, holiday_id) values(213,2,44);
insert into holiday_type(id, type_id, holiday_id) values(214,3,44);
insert into holiday_type(id, type_id, holiday_id) values(215,1,45);
insert into holiday_type(id, type_id, holiday_id) values(216,2,45);
insert into holiday_type(id, type_id, holiday_id) values(217,3,45);
insert into holiday_type(id, type_id, holiday_id) values(218,1,46);
insert into holiday_type(id, type_id, holiday_id) values(219,2,46);
insert into holiday_type(id, type_id, holiday_id) values(220,3,46);
insert into holiday_type(id, type_id, holiday_id) values(221,3,47);
insert into holiday_type(id, type_id, holiday_id) values(222,4,47);
insert into holiday_type(id, type_id, holiday_id) values(223,3,48);
insert into holiday_type(id, type_id, holiday_id) values(224,1,49);
insert into holiday_type(id, type_id, holiday_id) values(225,2,49);
insert into holiday_type(id, type_id, holiday_id) values(226,3,49);
insert into holiday_type(id, type_id, holiday_id) values(227,3,50);
insert into holiday_type(id, type_id, holiday_id) values(228,4,50);
insert into holiday_type(id, type_id, holiday_id) values(229,1,51);
insert into holiday_type(id, type_id, holiday_id) values(230,2,51);
insert into holiday_type(id, type_id, holiday_id) values(231,3,51);
insert into holiday_type(id, type_id, holiday_id) values(232,3,52);
insert into holiday_type(id, type_id, holiday_id) values(233,4,52);
insert into holiday_type(id, type_id, holiday_id) values(234,1,53);
insert into holiday_type(id, type_id, holiday_id) values(235,2,53);
insert into holiday_type(id, type_id, holiday_id) values(236,3,53);
insert into holiday_type(id, type_id, holiday_id) values(237,2,54);
insert into holiday_type(id, type_id, holiday_id) values(238,3,54);
insert into holiday_type(id, type_id, holiday_id) values(239,1,55);
insert into holiday_type(id, type_id, holiday_id) values(240,2,55);
insert into holiday_type(id, type_id, holiday_id) values(241,3,55);
insert into holiday_type(id, type_id, holiday_id) values(242,1,56);
insert into holiday_type(id, type_id, holiday_id) values(243,2,56);
insert into holiday_type(id, type_id, holiday_id) values(244,3,56);
insert into holiday_type(id, type_id, holiday_id) values(245,1,57);
insert into holiday_type(id, type_id, holiday_id) values(246,2,57);
insert into holiday_type(id, type_id, holiday_id) values(247,3,57);
insert into holiday_type(id, type_id, holiday_id) values(248,1,58);
insert into holiday_type(id, type_id, holiday_id) values(249,2,58);
insert into holiday_type(id, type_id, holiday_id) values(250,3,58);
insert into holiday_type(id, type_id, holiday_id) values(251,1,59);
insert into holiday_type(id, type_id, holiday_id) values(252,2,59);
insert into holiday_type(id, type_id, holiday_id) values(253,3,59);
insert into holiday_type(id, type_id, holiday_id) values(254,1,60);
insert into holiday_type(id, type_id, holiday_id) values(255,2,60);
insert into holiday_type(id, type_id, holiday_id) values(256,3,60);
insert into holiday_type(id, type_id, holiday_id) values(257,1,61);
insert into holiday_type(id, type_id, holiday_id) values(258,2,61);
insert into holiday_type(id, type_id, holiday_id) values(259,3,61);
insert into holiday_type(id, type_id, holiday_id) values(260,3,62);
insert into holiday_type(id, type_id, holiday_id) values(261,4,62);
insert into holiday_type(id, type_id, holiday_id) values(262,3,63);
insert into holiday_type(id, type_id, holiday_id) values(263,1,64);
insert into holiday_type(id, type_id, holiday_id) values(264,2,64);
insert into holiday_type(id, type_id, holiday_id) values(265,3,64);
insert into holiday_type(id, type_id, holiday_id) values(266,3,65);
insert into holiday_type(id, type_id, holiday_id) values(267,4,65);
insert into holiday_type(id, type_id, holiday_id) values(268,1,66);
insert into holiday_type(id, type_id, holiday_id) values(269,2,66);
insert into holiday_type(id, type_id, holiday_id) values(270,3,66);
insert into holiday_type(id, type_id, holiday_id) values(271,3,67);
insert into holiday_type(id, type_id, holiday_id) values(272,4,67);
insert into holiday_type(id, type_id, holiday_id) values(273,1,68);
insert into holiday_type(id, type_id, holiday_id) values(274,2,68);
insert into holiday_type(id, type_id, holiday_id) values(275,3,68);
insert into holiday_type(id, type_id, holiday_id) values(276,2,69);
insert into holiday_type(id, type_id, holiday_id) values(277,3,69);
insert into holiday_type(id, type_id, holiday_id) values(278,1,70);
insert into holiday_type(id, type_id, holiday_id) values(279,2,70);
insert into holiday_type(id, type_id, holiday_id) values(280,3,70);
insert into holiday_type(id, type_id, holiday_id) values(281,1,71);
insert into holiday_type(id, type_id, holiday_id) values(282,2,71);
insert into holiday_type(id, type_id, holiday_id) values(283,3,71);
insert into holiday_type(id, type_id, holiday_id) values(284,1,72);
insert into holiday_type(id, type_id, holiday_id) values(285,2,72);
insert into holiday_type(id, type_id, holiday_id) values(286,3,72);
insert into holiday_type(id, type_id, holiday_id) values(287,1,73);
insert into holiday_type(id, type_id, holiday_id) values(288,2,73);
insert into holiday_type(id, type_id, holiday_id) values(289,3,73);
insert into holiday_type(id, type_id, holiday_id) values(290,1,74);
insert into holiday_type(id, type_id, holiday_id) values(291,2,74);
insert into holiday_type(id, type_id, holiday_id) values(292,3,74);
insert into holiday_type(id, type_id, holiday_id) values(293,1,75);
insert into holiday_type(id, type_id, holiday_id) values(294,2,75);
insert into holiday_type(id, type_id, holiday_id) values(295,3,75);
insert into holiday_type(id, type_id, holiday_id) values(296,3,76);
insert into holiday_type(id, type_id, holiday_id) values(297,4,76);
insert into holiday_type(id, type_id, holiday_id) values(298,1,78);
insert into holiday_type(id, type_id, holiday_id) values(299,2,78);
insert into holiday_type(id, type_id, holiday_id) values(300,3,78);
insert into holiday_type(id, type_id, holiday_id) values(301,3,79);
insert into holiday_type(id, type_id, holiday_id) values(302,4,79);
insert into holiday_type(id, type_id, holiday_id) values(303,1,80);
insert into holiday_type(id, type_id, holiday_id) values(304,2,80);
insert into holiday_type(id, type_id, holiday_id) values(305,3,80);
insert into holiday_type(id, type_id, holiday_id) values(306,3,81);
insert into holiday_type(id, type_id, holiday_id) values(307,4,81);
insert into holiday_type(id, type_id, holiday_id) values(308,1,82);
insert into holiday_type(id, type_id, holiday_id) values(309,2,82);
insert into holiday_type(id, type_id, holiday_id) values(310,3,82);
insert into holiday_type(id, type_id, holiday_id) values(311,1,84);
insert into holiday_type(id, type_id, holiday_id) values(312,2,84);
insert into holiday_type(id, type_id, holiday_id) values(313,3,84);
insert into holiday_type(id, type_id, holiday_id) values(314,1,85);
insert into holiday_type(id, type_id, holiday_id) values(315,2,85);
insert into holiday_type(id, type_id, holiday_id) values(316,3,85);
insert into holiday_type(id, type_id, holiday_id) values(317,1,86);
insert into holiday_type(id, type_id, holiday_id) values(318,2,86);
insert into holiday_type(id, type_id, holiday_id) values(319,3,86);
insert into holiday_type(id, type_id, holiday_id) values(320,1,87);
insert into holiday_type(id, type_id, holiday_id) values(321,2,87);
insert into holiday_type(id, type_id, holiday_id) values(322,3,87);
insert into holiday_type(id, type_id, holiday_id) values(323,1,88);
insert into holiday_type(id, type_id, holiday_id) values(324,2,88);
insert into holiday_type(id, type_id, holiday_id) values(325,3,88);
insert into holiday_type(id, type_id, holiday_id) values(326,1,89);
insert into holiday_type(id, type_id, holiday_id) values(327,2,89);
insert into holiday_type(id, type_id, holiday_id) values(328,3,89);
insert into holiday_type(id, type_id, holiday_id) values(329,1,90);
insert into holiday_type(id, type_id, holiday_id) values(330,2,90);
insert into holiday_type(id, type_id, holiday_id) values(331,3,90);
insert into holiday_type(id, type_id, holiday_id) values(332,3,91);
insert into holiday_type(id, type_id, holiday_id) values(333,4,91);
insert into holiday_type(id, type_id, holiday_id) values(334,3,92);
insert into holiday_type(id, type_id, holiday_id) values(335,1,93);
insert into holiday_type(id, type_id, holiday_id) values(336,2,93);
insert into holiday_type(id, type_id, holiday_id) values(337,3,93);
insert into holiday_type(id, type_id, holiday_id) values(338,3,94);
insert into holiday_type(id, type_id, holiday_id) values(339,4,94);
insert into holiday_type(id, type_id, holiday_id) values(340,1,95);
insert into holiday_type(id, type_id, holiday_id) values(341,2,95);
insert into holiday_type(id, type_id, holiday_id) values(342,3,95);
insert into holiday_type(id, type_id, holiday_id) values(343,3,96);
insert into holiday_type(id, type_id, holiday_id) values(344,4,96);
insert into holiday_type(id, type_id, holiday_id) values(345,1,97);
insert into holiday_type(id, type_id, holiday_id) values(346,2,97);
insert into holiday_type(id, type_id, holiday_id) values(347,3,97);
insert into holiday_type(id, type_id, holiday_id) values(348,1,99);
insert into holiday_type(id, type_id, holiday_id) values(349,2,99);
insert into holiday_type(id, type_id, holiday_id) values(350,3,99);
insert into holiday_type(id, type_id, holiday_id) values(351,1,100);
insert into holiday_type(id, type_id, holiday_id) values(352,2,100);
insert into holiday_type(id, type_id, holiday_id) values(353,3,100);
insert into holiday_type(id, type_id, holiday_id) values(354,1,101);
insert into holiday_type(id, type_id, holiday_id) values(355,2,101);
insert into holiday_type(id, type_id, holiday_id) values(356,3,101);

insert into holiday(id, version, description, observed_date, official_date) values(15,0,'New Year''s Day','2010-12-31','2011-01-01');
insert into holiday(id, version, description, observed_date, official_date) values(16,0,'Martin Luther King Jr. Day','2011-01-17','2011-01-17');
insert into holiday(id, version, description, observed_date, official_date) values(17,0,'Presidents'' Day','2011-02-21','2011-02-21');
insert into holiday(id, version, description, observed_date, official_date) values(18,0,'Prince Kuhio Day','2011-03-25','2011-03-26');
insert into holiday(id, version, description, observed_date, official_date) values(19,0,'Good Friday','2011-04-22','2011-04-22');
insert into holiday(id, version, description, observed_date, official_date) values(20,0,'Memorial Day','2011-05-30','2011-05-30');
insert into holiday(id, version, description, observed_date, official_date) values(21,0,'King Kamehameha Day','2011-06-10','2011-06-11');
insert into holiday(id, version, description, observed_date, official_date) values(22,0,'Independence Day','2011-07-04','2011-07-04');
insert into holiday(id, version, description, observed_date, official_date) values(23,0,'Statehood Day','2011-08-19','2011-08-19');
insert into holiday(id, version, description, observed_date, official_date) values(24,0,'Labor Day','2011-09-05','2011-09-05');
insert into holiday(id, version, description, observed_date, official_date) values(25,0,'Discoverer''s Day','2011-10-10','2011-10-10');
insert into holiday(id, version, description, observed_date, official_date) values(26,0,'Veterans Day','2011-11-11','2011-11-11');
insert into holiday(id, version, description, observed_date, official_date) values(27,0,'Thanksgiving','2011-11-24','2011-11-24');
insert into holiday(id, version, description, observed_date, official_date) values(28,0,'Christmas','2011-12-26','2011-12-25');
insert into holiday(id, version, description, observed_date, official_date) values(29,1,'New Year''s Day','2012-01-02','2012-01-01');
insert into holiday(id, version, description, observed_date, official_date) values(30,0,'Martin Luther King Jr. Day','2012-01-16','2012-01-16');
insert into holiday(id, version, description, observed_date, official_date) values(31,0,'Presidents'' Day','2012-02-20','2012-02-20');
insert into holiday(id, version, description, observed_date, official_date) values(32,0,'Prince Kuhio Day','2012-03-26','2012-03-26');
insert into holiday(id, version, description, observed_date, official_date) values(33,1,'Good Friday','2012-04-06','2012-04-06');
insert into holiday(id, version, description, observed_date, official_date) values(34,0,'Memorial Day','2012-05-28','2012-05-28');
insert into holiday(id, version, description, observed_date, official_date) values(35,0,'King Kamehameha Day','2012-06-11','2012-06-11');
insert into holiday(id, version, description, observed_date, official_date) values(36,0,'Independence Day','2012-07-04','2012-07-04');
insert into holiday(id, version, description, observed_date, official_date) values(37,0,'Statehood Day','2012-08-17','2012-08-17');
insert into holiday(id, version, description, observed_date, official_date) values(38,0,'Labor Day','2012-09-03','2012-09-03');
insert into holiday(id, version, description, observed_date, official_date) values(39,0,'Discoverer''s Day','2012-10-08','2012-10-08');
insert into holiday(id, version, description, observed_date, official_date) values(40,0,'Election Day','2012-11-06','2012-11-06');
insert into holiday(id, version, description, observed_date, official_date) values(41,0,'Veterans Day','2012-11-12','2012-11-11');
insert into holiday(id, version, description, observed_date, official_date) values(42,0,'Thanksgiving','2012-11-22','2012-11-22');
insert into holiday(id, version, description, observed_date, official_date) values(43,0,'Christmas','2012-12-25','2012-12-25');
insert into holiday(id, version, description, observed_date, official_date) values(1,0,'New Year''s Day','2013-01-01','2013-01-01');
insert into holiday(id, version, description, observed_date, official_date) values(2,0,'Martin Luther King Jr. Day','2013-01-21','2013-01-21');
insert into holiday(id, version, description, observed_date, official_date) values(3,1,'Presidents'' Day','2013-02-18','2013-02-18');
insert into holiday(id, version, description, observed_date, official_date) values(4,0,'Prince Kuhio Day','2013-03-26','2013-03-26');
insert into holiday(id, version, description, observed_date, official_date) values(5,0,'Good Friday','2013-03-29','2013-03-29');
insert into holiday(id, version, description, observed_date, official_date) values(6,0,'Memorial Day','2013-05-27','2013-05-27');
insert into holiday(id, version, description, observed_date, official_date) values(7,0,'King Kamehameha Day','2013-06-11','2013-06-11');
insert into holiday(id, version, description, observed_date, official_date) values(8,0,'Independence Day','2013-07-04','2013-07-04');
insert into holiday(id, version, description, observed_date, official_date) values(9,0,'Statehood Day','2013-08-16','2013-08-16');
insert into holiday(id, version, description, observed_date, official_date) values(10,0,'Labor Day','2013-09-02','2013-09-02');
insert into holiday(id, version, description, observed_date, official_date) values(11,0,'Discoverer''s Day','2013-10-14','2013-10-14');
insert into holiday(id, version, description, observed_date, official_date) values(12,0,'Veterans Day','2013-11-11','2013-11-11');
insert into holiday(id, version, description, observed_date, official_date) values(13,0,'Thanksgiving','2013-11-28','2013-11-28');
insert into holiday(id, version, description, observed_date, official_date) values(14,0,'Christmas','2013-12-25','2013-12-25');
insert into holiday(id, version, description, observed_date, official_date) values(44,0,'New Year''s Day','2014-01-01','2014-01-01');
insert into holiday(id, version, description, observed_date, official_date) values(45,0,'Martin Luther King Jr. Day','2014-01-20','2014-01-20');
insert into holiday(id, version, description, observed_date, official_date) values(46,0,'Presidents'' Day','2014-02-17','2014-02-17');
insert into holiday(id, version, description, observed_date, official_date) values(47,0,'Prince Kuhio Day','2014-03-26','2014-03-26');
insert into holiday(id, version, description, observed_date, official_date) values(48,0,'Good Friday','2014-04-18','2014-04-18');
insert into holiday(id, version, description, observed_date, official_date) values(49,0,'Memorial Day','2014-05-26','2014-05-26');
insert into holiday(id, version, description, observed_date, official_date) values(50,0,'King Kamehameha Day','2014-06-11','2014-06-11');
insert into holiday(id, version, description, observed_date, official_date) values(51,0,'Independence Day','2014-07-04','2014-07-04');
insert into holiday(id, version, description, observed_date, official_date) values(52,0,'Statehood Day','2014-08-15','2014-08-15');
insert into holiday(id, version, description, observed_date, official_date) values(53,0,'Labor Day','2014-09-01','2014-09-01');
insert into holiday(id, version, description, observed_date, official_date) values(54,0,'Discoverer''s Day','2014-10-13','2014-10-13');
insert into holiday(id, version, description, observed_date, official_date) values(55,0,'Election Day','2014-11-04','2014-11-04');
insert into holiday(id, version, description, observed_date, official_date) values(56,0,'Veterans Day','2014-11-11','2014-11-11');
insert into holiday(id, version, description, observed_date, official_date) values(57,0,'Thanksgiving','2014-11-27','2014-11-27');
insert into holiday(id, version, description, observed_date, official_date) values(58,0,'Christmas','2014-12-25','2014-12-25');
insert into holiday(id, version, description, observed_date, official_date) values(59,0,'New Year''s Day','2015-01-01','2015-01-01');
insert into holiday(id, version, description, observed_date, official_date) values(60,0,'Martin Luther King Jr. Day','2015-01-19','2015-01-19');
insert into holiday(id, version, description, observed_date, official_date) values(61,0,'Presidents'' Day','2015-02-16','2015-02-16');
insert into holiday(id, version, description, observed_date, official_date) values(62,0,'Prince Kuhio Day','2015-03-26','2015-03-26');
insert into holiday(id, version, description, observed_date, official_date) values(63,0,'Good Friday','2015-04-03','2015-04-03');
insert into holiday(id, version, description, observed_date, official_date) values(64,0,'Memorial Day','2015-05-25','2015-05-25');
insert into holiday(id, version, description, observed_date, official_date) values(65,0,'King Kamehameha Day','2015-06-11','2015-06-11');
insert into holiday(id, version, description, observed_date, official_date) values(66,0,'Independence Day','2015-07-03','2015-07-04');
insert into holiday(id, version, description, observed_date, official_date) values(67,0,'Statehood Day','2015-08-21','2015-08-21');
insert into holiday(id, version, description, observed_date, official_date) values(68,0,'Labor Day','2015-09-07','2015-09-07');
insert into holiday(id, version, description, observed_date, official_date) values(69,0,'Discoverer''s Day','2015-10-12','2015-10-12');
insert into holiday(id, version, description, observed_date, official_date) values(70,0,'Veterans Day','2015-11-11','2015-11-11');
insert into holiday(id, version, description, observed_date, official_date) values(71,0,'Thanksgiving','2015-11-26','2015-11-26');
insert into holiday(id, version, description, observed_date, official_date) values(72,0,'Christmas','2015-12-25','2015-12-25');
insert into holiday(id, version, description, observed_date, official_date) values(73,0,'New Year''s Day','2016-01-01','2016-01-01');
insert into holiday(id, version, description, observed_date, official_date) values(74,0,'Martin Luther King Jr. Day','2016-01-18','2016-01-18');
insert into holiday(id, version, description, observed_date, official_date) values(75,0,'Presidents'' Day','2016-02-15','2016-02-15');
insert into holiday(id, version, description, observed_date, official_date) values(76,0,'Prince Kuhio Day','2016-03-25','2016-03-26');
insert into holiday(id, version, description, observed_date, official_date) values(77,0,'Good Friday','2016-03-25','2016-03-25');
insert into holiday(id, version, description, observed_date, official_date) values(78,0,'Memorial Day','2016-05-30','2016-05-30');
insert into holiday(id, version, description, observed_date, official_date) values(79,0,'King Kamehameha Day','2016-06-10','2016-06-11');
insert into holiday(id, version, description, observed_date, official_date) values(80,0,'Independence Day','2016-07-04','2016-07-04');
insert into holiday(id, version, description, observed_date, official_date) values(81,0,'Statehood Day','2016-08-19','2016-08-19');
insert into holiday(id, version, description, observed_date, official_date) values(82,0,'Labor Day','2016-09-05','2016-09-05');
insert into holiday(id, version, description, observed_date, official_date) values(84,0,'Election Day','2016-11-08','2016-11-08');
insert into holiday(id, version, description, observed_date, official_date) values(85,0,'Veterans Day','2016-11-11','2016-11-11');
insert into holiday(id, version, description, observed_date, official_date) values(86,0,'Thanksgiving','2016-11-24','2016-11-24');
insert into holiday(id, version, description, observed_date, official_date) values(87,0,'Christmas','2016-12-26','2016-12-25');
insert into holiday(id, version, description, observed_date, official_date) values(88,0,'New Year''s Day','2017-01-02','2017-01-01');
insert into holiday(id, version, description, observed_date, official_date) values(89,0,'Martin Luther King Jr. Day','2017-01-16','2017-01-16');
insert into holiday(id, version, description, observed_date, official_date) values(90,0,'Presidents'' Day','2017-02-20','2017-02-20');
insert into holiday(id, version, description, observed_date, official_date) values(91,0,'Prince Kuhio Day','2017-03-27','2017-03-26');
insert into holiday(id, version, description, observed_date, official_date) values(92,0,'Good Friday','2017-04-14','2017-04-14');
insert into holiday(id, version, description, observed_date, official_date) values(93,0,'Memorial Day','2017-05-29','2017-05-29');
insert into holiday(id, version, description, observed_date, official_date) values(94,0,'King Kamehameha Day','2017-06-12','2017-06-11');
insert into holiday(id, version, description, observed_date, official_date) values(95,0,'Independence Day','2017-07-04','2017-07-04');
insert into holiday(id, version, description, observed_date, official_date) values(96,0,'Statehood Day','2017-08-18','2017-08-18');
insert into holiday(id, version, description, observed_date, official_date) values(97,0,'Labor Day','2017-09-04','2017-09-04');
insert into holiday(id, version, description, observed_date, official_date) values(99,0,'Veterans Day','2017-11-10','2017-11-11');
insert into holiday(id, version, description, observed_date, official_date) values(100,0,'Thanksgiving','2017-11-23','2017-11-23');
insert into holiday(id, version, description, observed_date, official_date) values(101,0,'Christmas','2017-12-25','2017-12-25');
